"raceDate";"R_name";"C_number";"C_name";"C_uuid";"saddle";"horseName";".pred_win";"C_time"
2023-11-24;"Toulouse";1;"Prix du Cru La Clape";"c041b451af2dcfc34ef8224da3568ebf";"3";"Keep Cool";0,573294818401337;"16:17:00"
2023-11-24;"Toulouse";1;"Prix du Cru La Clape";"c041b451af2dcfc34ef8224da3568ebf";"2";"Kousine Carisaie";0,293397426605225;"16:17:00"
2023-11-24;"Toulouse";1;"Prix du Cru La Clape";"c041b451af2dcfc34ef8224da3568ebf";"5";"Klant d'Oliverie";0,253757357597351;"16:17:00"
2023-11-24;"Toulouse";1;"Prix du Cru La Clape";"c041b451af2dcfc34ef8224da3568ebf";"6";"Kamélie du Campus";0,211815714836121;"16:17:00"
2023-11-24;"Toulouse";1;"Prix du Cru La Clape";"c041b451af2dcfc34ef8224da3568ebf";"1";"Kraquanta Bella";0,0651101171970367;"16:17:00"
2023-11-24;"Toulouse";1;"Prix du Cru La Clape";"c041b451af2dcfc34ef8224da3568ebf";"8";"Kentaur d'Ormoy";0,0588186047971249;"16:17:00"
2023-11-24;"Toulouse";1;"Prix du Cru La Clape";"c041b451af2dcfc34ef8224da3568ebf";"13";"Kaza Boko";0,0293181724846363;"16:17:00"
2023-11-24;"Toulouse";1;"Prix du Cru La Clape";"c041b451af2dcfc34ef8224da3568ebf";"4";"Keats d'Em";0,023533895611763;"16:17:00"
2023-11-24;"Toulouse";1;"Prix du Cru La Clape";"c041b451af2dcfc34ef8224da3568ebf";"12";"Khéops du Vaal";0,0214308351278305;"16:17:00"
2023-11-24;"Toulouse";1;"Prix du Cru La Clape";"c041b451af2dcfc34ef8224da3568ebf";"7";"Kiss of Love";0,00475796312093735;"16:17:00"
2023-11-24;"Toulouse";1;"Prix du Cru La Clape";"c041b451af2dcfc34ef8224da3568ebf";"9";"Kara du Plessis";0,00164234102703631;"16:17:00"
2023-11-24;"Toulouse";1;"Prix du Cru La Clape";"c041b451af2dcfc34ef8224da3568ebf";"10";"Kapucine d'Albret";0,00153959484305233;"16:17:00"
2023-11-24;"Toulouse";1;"Prix du Cru La Clape";"c041b451af2dcfc34ef8224da3568ebf";"14";"Kate des Oliviers";0,0014245550846681;"16:17:00"
2023-11-24;"Toulouse";2;"Prix du Cru Malepère";"e9894b7c5fbc748589829284677bc4a2";"13";"Joss Aimef";0,56148099899292;"16:52:00"
2023-11-24;"Toulouse";2;"Prix du Cru Malepère";"e9894b7c5fbc748589829284677bc4a2";"15";"Jeanblanc Duem";0,171535298228264;"16:52:00"
2023-11-24;"Toulouse";2;"Prix du Cru Malepère";"e9894b7c5fbc748589829284677bc4a2";"3";"Jerry Cooper";0,116951696574688;"16:52:00"
2023-11-24;"Toulouse";2;"Prix du Cru Malepère";"e9894b7c5fbc748589829284677bc4a2";"7";"Journey";0,116080142557621;"16:52:00"
2023-11-24;"Toulouse";2;"Prix du Cru Malepère";"e9894b7c5fbc748589829284677bc4a2";"10";"Joyeuse d'Atout";0,0939132943749428;"16:52:00"
2023-11-24;"Toulouse";2;"Prix du Cru Malepère";"e9894b7c5fbc748589829284677bc4a2";"16";"Jolie de l'Aumance";0,0757558643817902;"16:52:00"
2023-11-24;"Toulouse";2;"Prix du Cru Malepère";"e9894b7c5fbc748589829284677bc4a2";"14";"Java de la Cote";0,0524908155202866;"16:52:00"
2023-11-24;"Toulouse";2;"Prix du Cru Malepère";"e9894b7c5fbc748589829284677bc4a2";"9";"Joy de Balestat";0,046372439712286;"16:52:00"
2023-11-24;"Toulouse";2;"Prix du Cru Malepère";"e9894b7c5fbc748589829284677bc4a2";"8";"Joyeuse Duophi";0,029728077352047;"16:52:00"
2023-11-24;"Toulouse";2;"Prix du Cru Malepère";"e9894b7c5fbc748589829284677bc4a2";"5";"Jean de Gimat";0,0290665533393621;"16:52:00"
2023-11-24;"Toulouse";2;"Prix du Cru Malepère";"e9894b7c5fbc748589829284677bc4a2";"11";"Jeemila d'Or";0,0167711097747087;"16:52:00"
2023-11-24;"Toulouse";2;"Prix du Cru Malepère";"e9894b7c5fbc748589829284677bc4a2";"12";"Jakadi de Vauville";0,0118482625111938;"16:52:00"
2023-11-24;"Toulouse";2;"Prix du Cru Malepère";"e9894b7c5fbc748589829284677bc4a2";"6";"Julian Dark";0,00869845598936081;"16:52:00"
2023-11-24;"Toulouse";2;"Prix du Cru Malepère";"e9894b7c5fbc748589829284677bc4a2";"1";"Jeune et Jolie";0,00488065090030432;"16:52:00"
2023-11-24;"Toulouse";2;"Prix du Cru Malepère";"e9894b7c5fbc748589829284677bc4a2";"2";"Jamaïcain d'Ortuge";0,00391892762854695;"16:52:00"
2023-11-24;"Toulouse";2;"Prix du Cru Malepère";"e9894b7c5fbc748589829284677bc4a2";"4";"Jewel Lymm";0,00190070644021034;"16:52:00"
2023-11-24;"Toulouse";3;"Prix du Cru Fitou";"d1868a979648219e4fa6ed6dd11b3dc1";"7";"Janis de Chenu";0,393167555332184;"17:28:00"
2023-11-24;"Toulouse";3;"Prix du Cru Fitou";"d1868a979648219e4fa6ed6dd11b3dc1";"6";"Jessie de Dussac";0,299137651920319;"17:28:00"
2023-11-24;"Toulouse";3;"Prix du Cru Fitou";"d1868a979648219e4fa6ed6dd11b3dc1";"14";"Jaquito du Vallon";0,244281634688377;"17:28:00"
2023-11-24;"Toulouse";3;"Prix du Cru Fitou";"d1868a979648219e4fa6ed6dd11b3dc1";"13";"Jojo Clémentais";0,209851816296577;"17:28:00"
2023-11-24;"Toulouse";3;"Prix du Cru Fitou";"d1868a979648219e4fa6ed6dd11b3dc1";"12";"Jolie de Jegun";0,194901317358017;"17:28:00"
2023-11-24;"Toulouse";3;"Prix du Cru Fitou";"d1868a979648219e4fa6ed6dd11b3dc1";"11";"Jovial de Venel";0,174831971526146;"17:28:00"
2023-11-24;"Toulouse";3;"Prix du Cru Fitou";"d1868a979648219e4fa6ed6dd11b3dc1";"10";"Jade Gerbehaye";0,0958018526434898;"17:28:00"
2023-11-24;"Toulouse";3;"Prix du Cru Fitou";"d1868a979648219e4fa6ed6dd11b3dc1";"15";"Just A Song";0,0913959890604019;"17:28:00"
2023-11-24;"Toulouse";3;"Prix du Cru Fitou";"d1868a979648219e4fa6ed6dd11b3dc1";"2";"Joie de Sam";0,0647893324494362;"17:28:00"
2023-11-24;"Toulouse";3;"Prix du Cru Fitou";"d1868a979648219e4fa6ed6dd11b3dc1";"4";"Jalencio Flac";0,0509236268699169;"17:28:00"
2023-11-24;"Toulouse";3;"Prix du Cru Fitou";"d1868a979648219e4fa6ed6dd11b3dc1";"8";"Jasmine du Meleuc";0,0282307341694832;"17:28:00"
2023-11-24;"Toulouse";3;"Prix du Cru Fitou";"d1868a979648219e4fa6ed6dd11b3dc1";"3";"Jo de l'Ormerie";0,022050878033042;"17:28:00"
2023-11-24;"Toulouse";3;"Prix du Cru Fitou";"d1868a979648219e4fa6ed6dd11b3dc1";"5";"Jolly Dream";0,0123028038069606;"17:28:00"
2023-11-24;"Toulouse";3;"Prix du Cru Fitou";"d1868a979648219e4fa6ed6dd11b3dc1";"1";"Julia d'Albret";0,0108779463917017;"17:28:00"
2023-11-24;"Toulouse";3;"Prix du Cru Fitou";"d1868a979648219e4fa6ed6dd11b3dc1";"9";"Jadis Dairpet";0,00641149841248989;"17:28:00"
2023-11-24;"Toulouse";4;"Prix du Cru Corbières";"c93c706b8071c7da208ddff6e9b373b1";"10";"Gold d'Occagnes";0,699525415897369;"18:03:00"
2023-11-24;"Toulouse";4;"Prix du Cru Corbières";"c93c706b8071c7da208ddff6e9b373b1";"6";"Gaz d'Occagnes";0,674104273319244;"18:03:00"
2023-11-24;"Toulouse";4;"Prix du Cru Corbières";"c93c706b8071c7da208ddff6e9b373b1";"1";"Gabriella Duem";0,648225605487823;"18:03:00"
2023-11-24;"Toulouse";4;"Prix du Cru Corbières";"c93c706b8071c7da208ddff6e9b373b1";"3";"Flash Royal";0,280872941017151;"18:03:00"
2023-11-24;"Toulouse";4;"Prix du Cru Corbières";"c93c706b8071c7da208ddff6e9b373b1";"5";"Enivrante";0,191156715154648;"18:03:00"
2023-11-24;"Toulouse";4;"Prix du Cru Corbières";"c93c706b8071c7da208ddff6e9b373b1";"4";"Gazoline du Seux";0,115194201469421;"18:03:00"
2023-11-24;"Toulouse";4;"Prix du Cru Corbières";"c93c706b8071c7da208ddff6e9b373b1";"7";"Déesse de Corday";0,105960436165333;"18:03:00"
2023-11-24;"Toulouse";4;"Prix du Cru Corbières";"c93c706b8071c7da208ddff6e9b373b1";"2";"Gold River";0,0911796540021896;"18:03:00"
2023-11-24;"Toulouse";4;"Prix du Cru Corbières";"c93c706b8071c7da208ddff6e9b373b1";"11";"Gwendolo Bello";0,0236751157790422;"18:03:00"
2023-11-24;"Toulouse";4;"Prix du Cru Corbières";"c93c706b8071c7da208ddff6e9b373b1";"8";"Fangio Cobo";0,0190264116972685;"18:03:00"
2023-11-24;"Toulouse";4;"Prix du Cru Corbières";"c93c706b8071c7da208ddff6e9b373b1";"13";"Endian de Banville";0,0106372144073248;"18:03:00"
2023-11-24;"Toulouse";4;"Prix du Cru Corbières";"c93c706b8071c7da208ddff6e9b373b1";"9";"Elan d'Harcouel";0,00900658220052719;"18:03:00"
2023-11-24;"Toulouse";4;"Prix du Cru Corbières";"c93c706b8071c7da208ddff6e9b373b1";"12";"Flash de la Noé";0,00500531867146492;"18:03:00"
2023-11-24;"Toulouse";5;"Prix des Sapeurs Pompiers de Toulouse (Prix du Cru Fronton)";"2a1dc468abd6c82ac8feff590359be3d";"5";"Hilka de Bertrange";0,377397090196609;"18:38:00"
2023-11-24;"Toulouse";5;"Prix des Sapeurs Pompiers de Toulouse (Prix du Cru Fronton)";"2a1dc468abd6c82ac8feff590359be3d";"3";"Hélios de Vandel";0,374405026435852;"18:38:00"
2023-11-24;"Toulouse";5;"Prix des Sapeurs Pompiers de Toulouse (Prix du Cru Fronton)";"2a1dc468abd6c82ac8feff590359be3d";"14";"Happy Venus";0,134583219885826;"18:38:00"
2023-11-24;"Toulouse";5;"Prix des Sapeurs Pompiers de Toulouse (Prix du Cru Fronton)";"2a1dc468abd6c82ac8feff590359be3d";"6";"Houragan du Lys";0,117207437753677;"18:38:00"
2023-11-24;"Toulouse";5;"Prix des Sapeurs Pompiers de Toulouse (Prix du Cru Fronton)";"2a1dc468abd6c82ac8feff590359be3d";"10";"Harkonnen";0,100514680147171;"18:38:00"
2023-11-24;"Toulouse";5;"Prix des Sapeurs Pompiers de Toulouse (Prix du Cru Fronton)";"2a1dc468abd6c82ac8feff590359be3d";"12";"Hanack de Vivoin";0,0756976753473282;"18:38:00"
2023-11-24;"Toulouse";5;"Prix des Sapeurs Pompiers de Toulouse (Prix du Cru Fronton)";"2a1dc468abd6c82ac8feff590359be3d";"9";"Hélysée Wild";0,0545222647488117;"18:38:00"
2023-11-24;"Toulouse";5;"Prix des Sapeurs Pompiers de Toulouse (Prix du Cru Fronton)";"2a1dc468abd6c82ac8feff590359be3d";"1";"Histoire de Java";0,0458932928740978;"18:38:00"
2023-11-24;"Toulouse";5;"Prix des Sapeurs Pompiers de Toulouse (Prix du Cru Fronton)";"2a1dc468abd6c82ac8feff590359be3d";"11";"Héroïne de Chenu";0,0433833971619606;"18:38:00"
2023-11-24;"Toulouse";5;"Prix des Sapeurs Pompiers de Toulouse (Prix du Cru Fronton)";"2a1dc468abd6c82ac8feff590359be3d";"13";"Hélios du Tay";0,0425848625600338;"18:38:00"
2023-11-24;"Toulouse";5;"Prix des Sapeurs Pompiers de Toulouse (Prix du Cru Fronton)";"2a1dc468abd6c82ac8feff590359be3d";"4";"Hot Mama";0,0250979885458946;"18:38:00"
2023-11-24;"Toulouse";5;"Prix des Sapeurs Pompiers de Toulouse (Prix du Cru Fronton)";"2a1dc468abd6c82ac8feff590359be3d";"2";"Hune Star d'Eam";0,011668105609715;"18:38:00"
2023-11-24;"Toulouse";5;"Prix des Sapeurs Pompiers de Toulouse (Prix du Cru Fronton)";"2a1dc468abd6c82ac8feff590359be3d";"8";"Heredia";0,00965565070509911;"18:38:00"
2023-11-24;"Paris-Vincennes";1;"Prix Triton";"b3c1810fb03e6c3caf7782680375f559";"8";"Hamilton du Ham";0,497449517250061;"18:58:00"
2023-11-24;"Paris-Vincennes";1;"Prix Triton";"b3c1810fb03e6c3caf7782680375f559";"10";"Harison du Plessis";0,297750890254974;"18:58:00"
2023-11-24;"Paris-Vincennes";1;"Prix Triton";"b3c1810fb03e6c3caf7782680375f559";"9";"Honey King";0,284466236829758;"18:58:00"
2023-11-24;"Paris-Vincennes";1;"Prix Triton";"b3c1810fb03e6c3caf7782680375f559";"3";"Heureux de Fleur";0,242933228611946;"18:58:00"
2023-11-24;"Paris-Vincennes";1;"Prix Triton";"b3c1810fb03e6c3caf7782680375f559";"6";"Giant Madrik";0,133617296814919;"18:58:00"
2023-11-24;"Paris-Vincennes";1;"Prix Triton";"b3c1810fb03e6c3caf7782680375f559";"5";"Hacker Lover";0,103156909346581;"18:58:00"
2023-11-24;"Paris-Vincennes";1;"Prix Triton";"b3c1810fb03e6c3caf7782680375f559";"11";"Hescort Love";0,0854003876447678;"18:58:00"
2023-11-24;"Paris-Vincennes";1;"Prix Triton";"b3c1810fb03e6c3caf7782680375f559";"12";"Geronimo Fuego";0,078332744538784;"18:58:00"
2023-11-24;"Paris-Vincennes";1;"Prix Triton";"b3c1810fb03e6c3caf7782680375f559";"7";"Houston Pajelo";0,0738598480820656;"18:58:00"
2023-11-24;"Paris-Vincennes";1;"Prix Triton";"b3c1810fb03e6c3caf7782680375f559";"13";"Hermès Ludois";0,0711042359471321;"18:58:00"
2023-11-24;"Paris-Vincennes";1;"Prix Triton";"b3c1810fb03e6c3caf7782680375f559";"2";"Hermès d'Ecroville";0,00346449692733586;"18:58:00"
2023-11-24;"Paris-Vincennes";1;"Prix Triton";"b3c1810fb03e6c3caf7782680375f559";"4";"Gossip Boy";0,00299586518667638;"18:58:00"
2023-11-24;"Paris-Vincennes";1;"Prix Triton";"b3c1810fb03e6c3caf7782680375f559";"1";"Great d'Arry";0,00011389624705771;"18:58:00"
2023-11-24;"Toulouse";6;"Prix du Cru Limoux";"5e940b2a6c6961ec4e3ca4ba8950b937";"3";"Icare de Banville";0,611471891403198;"19:15:00"
2023-11-24;"Toulouse";6;"Prix du Cru Limoux";"5e940b2a6c6961ec4e3ca4ba8950b937";"4";"If de Freca";0,248557910323143;"19:15:00"
2023-11-24;"Toulouse";6;"Prix du Cru Limoux";"5e940b2a6c6961ec4e3ca4ba8950b937";"6";"Ipiko";0,177638933062553;"19:15:00"
2023-11-24;"Toulouse";6;"Prix du Cru Limoux";"5e940b2a6c6961ec4e3ca4ba8950b937";"8";"Indy Red";0,101165987551212;"19:15:00"
2023-11-24;"Toulouse";6;"Prix du Cru Limoux";"5e940b2a6c6961ec4e3ca4ba8950b937";"7";"Il Principino";0,0718322768807411;"19:15:00"
2023-11-24;"Toulouse";6;"Prix du Cru Limoux";"5e940b2a6c6961ec4e3ca4ba8950b937";"10";"Icare Elji";0,0701226145029068;"19:15:00"
2023-11-24;"Toulouse";6;"Prix du Cru Limoux";"5e940b2a6c6961ec4e3ca4ba8950b937";"5";"Iskilipipy Briaire";0,0658830478787422;"19:15:00"
2023-11-24;"Toulouse";6;"Prix du Cru Limoux";"5e940b2a6c6961ec4e3ca4ba8950b937";"9";"Ibis de Fréca";0,0620170794427395;"19:15:00"
2023-11-24;"Toulouse";6;"Prix du Cru Limoux";"5e940b2a6c6961ec4e3ca4ba8950b937";"14";"Invictus Delalande";0,0361526608467102;"19:15:00"
2023-11-24;"Toulouse";6;"Prix du Cru Limoux";"5e940b2a6c6961ec4e3ca4ba8950b937";"12";"Ixo des Plans";0,0312932208180428;"19:15:00"
2023-11-24;"Toulouse";6;"Prix du Cru Limoux";"5e940b2a6c6961ec4e3ca4ba8950b937";"15";"Ibiza de Marzy";0,0140728456899524;"19:15:00"
2023-11-24;"Toulouse";6;"Prix du Cru Limoux";"5e940b2a6c6961ec4e3ca4ba8950b937";"11";"Idéal de Bézillat";0,0113818813115358;"19:15:00"
2023-11-24;"Toulouse";6;"Prix du Cru Limoux";"5e940b2a6c6961ec4e3ca4ba8950b937";"2";"Innisfail Creek";0,00723975896835327;"19:15:00"
2023-11-24;"Toulouse";6;"Prix du Cru Limoux";"5e940b2a6c6961ec4e3ca4ba8950b937";"13";"In The Mood Gédé";0,0011213761754334;"19:15:00"
2023-11-24;"Paris-Vincennes";2;"Prix Hermantaria";"6ef09e1316d3524c27effd7516bef291";"9";"Kiss Atout";0,233523353934288;"19:33:00"
2023-11-24;"Paris-Vincennes";2;"Prix Hermantaria";"6ef09e1316d3524c27effd7516bef291";"10";"Kalao du Vivier";0,152871876955032;"19:33:00"
2023-11-24;"Paris-Vincennes";2;"Prix Hermantaria";"6ef09e1316d3524c27effd7516bef291";"11";"Kid Bellay";0,149042457342148;"19:33:00"
2023-11-24;"Paris-Vincennes";2;"Prix Hermantaria";"6ef09e1316d3524c27effd7516bef291";"7";"Kaporal des Forges";0,0923716798424721;"19:33:00"
2023-11-24;"Paris-Vincennes";2;"Prix Hermantaria";"6ef09e1316d3524c27effd7516bef291";"14";"Képi du Home";0,0888273939490318;"19:33:00"
2023-11-24;"Paris-Vincennes";2;"Prix Hermantaria";"6ef09e1316d3524c27effd7516bef291";"5";"Kanto Avis";0,0859367623925209;"19:33:00"
2023-11-24;"Paris-Vincennes";2;"Prix Hermantaria";"6ef09e1316d3524c27effd7516bef291";"2";"Kraken Castelets";0,0727253034710884;"19:33:00"
2023-11-24;"Paris-Vincennes";2;"Prix Hermantaria";"6ef09e1316d3524c27effd7516bef291";"13";"Keno Pettevinière";0,0724137276411057;"19:33:00"
2023-11-24;"Paris-Vincennes";2;"Prix Hermantaria";"6ef09e1316d3524c27effd7516bef291";"1";"Kéops Tillaye";0,0562170520424843;"19:33:00"
2023-11-24;"Paris-Vincennes";2;"Prix Hermantaria";"6ef09e1316d3524c27effd7516bef291";"4";"Keynote";0,0371549651026726;"19:33:00"
2023-11-24;"Paris-Vincennes";2;"Prix Hermantaria";"6ef09e1316d3524c27effd7516bef291";"12";"Karma Quick";0,0347537696361542;"19:33:00"
2023-11-24;"Paris-Vincennes";2;"Prix Hermantaria";"6ef09e1316d3524c27effd7516bef291";"6";"Kassidy Kid";0,0335467085242271;"19:33:00"
2023-11-24;"Paris-Vincennes";2;"Prix Hermantaria";"6ef09e1316d3524c27effd7516bef291";"8";"Khal's Fella";0,0289122350513935;"19:33:00"
2023-11-24;"Paris-Vincennes";2;"Prix Hermantaria";"6ef09e1316d3524c27effd7516bef291";"3";"Keyboard";0,00920188892632723;"19:33:00"
2023-11-24;"Toulouse";7;"Prix du Cru Minervois";"728612e6da98f39ebcdfe4fd76236304";"3";"Golzac de Rem";0,836637496948242;"19:50:00"
2023-11-24;"Toulouse";7;"Prix du Cru Minervois";"728612e6da98f39ebcdfe4fd76236304";"7";"Gounit de l'Airou";0,465324819087982;"19:50:00"
2023-11-24;"Toulouse";7;"Prix du Cru Minervois";"728612e6da98f39ebcdfe4fd76236304";"10";"Forrest d'Em";0,453543424606323;"19:50:00"
2023-11-24;"Toulouse";7;"Prix du Cru Minervois";"728612e6da98f39ebcdfe4fd76236304";"4";"Flying Devil";0,328750222921371;"19:50:00"
2023-11-24;"Toulouse";7;"Prix du Cru Minervois";"728612e6da98f39ebcdfe4fd76236304";"6";"Gentleman de Larré";0,311811298131943;"19:50:00"
2023-11-24;"Toulouse";7;"Prix du Cru Minervois";"728612e6da98f39ebcdfe4fd76236304";"2";"Falfaust";0,199869602918625;"19:50:00"
2023-11-24;"Toulouse";7;"Prix du Cru Minervois";"728612e6da98f39ebcdfe4fd76236304";"11";"Figueira Bella";0,158835649490356;"19:50:00"
2023-11-24;"Toulouse";7;"Prix du Cru Minervois";"728612e6da98f39ebcdfe4fd76236304";"8";"Général d'Amour";0,131716877222061;"19:50:00"
2023-11-24;"Toulouse";7;"Prix du Cru Minervois";"728612e6da98f39ebcdfe4fd76236304";"1";"First de Choisel";0,120433874428272;"19:50:00"
2023-11-24;"Toulouse";7;"Prix du Cru Minervois";"728612e6da98f39ebcdfe4fd76236304";"5";"Fabiarelle";0,0246613938361406;"19:50:00"
2023-11-24;"Toulouse";7;"Prix du Cru Minervois";"728612e6da98f39ebcdfe4fd76236304";"9";"First Best";0,0145234540104866;"19:50:00"
2023-11-24;"Toulouse";7;"Prix du Cru Minervois";"728612e6da98f39ebcdfe4fd76236304";"12";"Gold du Calice";0,000128834042698145;"19:50:00"
2023-11-24;"Paris-Vincennes";3;"Prix Ostara";"069c71ebaf27fa53bd97cb6142533784";"5";"Ikyta de la Vallée";0,655950844287872;"20:15:00"
2023-11-24;"Paris-Vincennes";3;"Prix Ostara";"069c71ebaf27fa53bd97cb6142533784";"6";"Irina d'Atout";0,397774428129196;"20:15:00"
2023-11-24;"Paris-Vincennes";3;"Prix Ostara";"069c71ebaf27fa53bd97cb6142533784";"7";"Iseult Flower";0,0466223210096359;"20:15:00"
2023-11-24;"Paris-Vincennes";3;"Prix Ostara";"069c71ebaf27fa53bd97cb6142533784";"13";"Image Charentaise";0,0370932072401047;"20:15:00"
2023-11-24;"Paris-Vincennes";3;"Prix Ostara";"069c71ebaf27fa53bd97cb6142533784";"12";"Ivanjica de Lou";0,026830468326807;"20:15:00"
2023-11-24;"Paris-Vincennes";3;"Prix Ostara";"069c71ebaf27fa53bd97cb6142533784";"1";"Ile aux Moines";0,0268011279404163;"20:15:00"
2023-11-24;"Paris-Vincennes";3;"Prix Ostara";"069c71ebaf27fa53bd97cb6142533784";"3";"Impératrice d'Elle";0,0250793285667896;"20:15:00"
2023-11-24;"Paris-Vincennes";3;"Prix Ostara";"069c71ebaf27fa53bd97cb6142533784";"2";"Iris des Champs";0,0214967653155327;"20:15:00"
2023-11-24;"Paris-Vincennes";3;"Prix Ostara";"069c71ebaf27fa53bd97cb6142533784";"4";"Idylle du Persil";0,0194115955382586;"20:15:00"
2023-11-24;"Paris-Vincennes";3;"Prix Ostara";"069c71ebaf27fa53bd97cb6142533784";"10";"In Love With Chenu";0,0119383875280619;"20:15:00"
2023-11-24;"Paris-Vincennes";3;"Prix Ostara";"069c71ebaf27fa53bd97cb6142533784";"9";"Isla Mujeres";0,00510837323963642;"20:15:00"
2023-11-24;"Paris-Vincennes";3;"Prix Ostara";"069c71ebaf27fa53bd97cb6142533784";"11";"Ivana de Bertrange";0,00495575042441487;"20:15:00"
2023-11-24;"Paris-Vincennes";3;"Prix Ostara";"069c71ebaf27fa53bd97cb6142533784";"8";"Image d'Atalante";0,00406203186139464;"20:15:00"
2023-11-24;"Toulouse";8;"Prix du Cru Cabardes";"0825b80021fdc7198e072441ce70cdc0";"7";"Ferréro du Loisir";0,489032745361328;"20:32:00"
2023-11-24;"Toulouse";8;"Prix du Cru Cabardes";"0825b80021fdc7198e072441ce70cdc0";"8";"Gladys Tartifume";0,351410806179047;"20:32:00"
2023-11-24;"Toulouse";8;"Prix du Cru Cabardes";"0825b80021fdc7198e072441ce70cdc0";"2";"Good Bye Angot";0,215171650052071;"20:32:00"
2023-11-24;"Toulouse";8;"Prix du Cru Cabardes";"0825b80021fdc7198e072441ce70cdc0";"3";"Giorgio de Lou";0,0538327135145664;"20:32:00"
2023-11-24;"Toulouse";8;"Prix du Cru Cabardes";"0825b80021fdc7198e072441ce70cdc0";"4";"Flamion Carisaie";0,044937189668417;"20:32:00"
2023-11-24;"Toulouse";8;"Prix du Cru Cabardes";"0825b80021fdc7198e072441ce70cdc0";"5";"Hélium de l'Iton";0,0345244146883488;"20:32:00"
2023-11-24;"Toulouse";8;"Prix du Cru Cabardes";"0825b80021fdc7198e072441ce70cdc0";"1";"Gold de Choisel";0,0244297813624144;"20:32:00"
2023-11-24;"Toulouse";8;"Prix du Cru Cabardes";"0825b80021fdc7198e072441ce70cdc0";"6";"Empereur de Reux";0,0041750892996788;"20:32:00"
2023-11-24;"Paris-Vincennes";4;"Prix de l'Institut du Droit Equin (Prix Kéronis)";"09754f0662fd7a2149d5b5d09112f416";"5";"Jutonnière";0,307823687791824;"20:50:00"
2023-11-24;"Paris-Vincennes";4;"Prix de l'Institut du Droit Equin (Prix Kéronis)";"09754f0662fd7a2149d5b5d09112f416";"16";"Jetida";0,227842345833778;"20:50:00"
2023-11-24;"Paris-Vincennes";4;"Prix de l'Institut du Droit Equin (Prix Kéronis)";"09754f0662fd7a2149d5b5d09112f416";"10";"Jalenza du Bocage";0,146806567907333;"20:50:00"
2023-11-24;"Paris-Vincennes";4;"Prix de l'Institut du Droit Equin (Prix Kéronis)";"09754f0662fd7a2149d5b5d09112f416";"13";"Joy To Gis";0,0940899103879929;"20:50:00"
2023-11-24;"Paris-Vincennes";4;"Prix de l'Institut du Droit Equin (Prix Kéronis)";"09754f0662fd7a2149d5b5d09112f416";"15";"Jolie Smart";0,0809009149670601;"20:50:00"
2023-11-24;"Paris-Vincennes";4;"Prix de l'Institut du Droit Equin (Prix Kéronis)";"09754f0662fd7a2149d5b5d09112f416";"7";"Jasmine de Jyr";0,0788334980607033;"20:50:00"
2023-11-24;"Paris-Vincennes";4;"Prix de l'Institut du Droit Equin (Prix Kéronis)";"09754f0662fd7a2149d5b5d09112f416";"11";"Jolie Majyc";0,0772178247570992;"20:50:00"
2023-11-24;"Paris-Vincennes";4;"Prix de l'Institut du Droit Equin (Prix Kéronis)";"09754f0662fd7a2149d5b5d09112f416";"9";"Jenufa";0,05891302973032;"20:50:00"
2023-11-24;"Paris-Vincennes";4;"Prix de l'Institut du Droit Equin (Prix Kéronis)";"09754f0662fd7a2149d5b5d09112f416";"3";"Jasmine de Grez";0,0402302630245686;"20:50:00"
2023-11-24;"Paris-Vincennes";4;"Prix de l'Institut du Droit Equin (Prix Kéronis)";"09754f0662fd7a2149d5b5d09112f416";"6";"Jeanne Délo";0,0355555415153503;"20:50:00"
2023-11-24;"Paris-Vincennes";4;"Prix de l'Institut du Droit Equin (Prix Kéronis)";"09754f0662fd7a2149d5b5d09112f416";"12";"Joyce des Granges";0,0353241004049778;"20:50:00"
2023-11-24;"Paris-Vincennes";4;"Prix de l'Institut du Droit Equin (Prix Kéronis)";"09754f0662fd7a2149d5b5d09112f416";"14";"Java de la Rouvre";0,0167156625539064;"20:50:00"
2023-11-24;"Paris-Vincennes";4;"Prix de l'Institut du Droit Equin (Prix Kéronis)";"09754f0662fd7a2149d5b5d09112f416";"8";"Jessy des Pistes";0,00887402985244989;"20:50:00"
2023-11-24;"Paris-Vincennes";4;"Prix de l'Institut du Droit Equin (Prix Kéronis)";"09754f0662fd7a2149d5b5d09112f416";"4";"Jona de Rêve d'Or";0,0079899663105607;"20:50:00"
2023-11-24;"Paris-Vincennes";4;"Prix de l'Institut du Droit Equin (Prix Kéronis)";"09754f0662fd7a2149d5b5d09112f416";"2";"Joyce du Val";0,00139018706977367;"20:50:00"
2023-11-24;"Paris-Vincennes";4;"Prix de l'Institut du Droit Equin (Prix Kéronis)";"09754f0662fd7a2149d5b5d09112f416";"1";"Jezabelle Bie";0,000171585779753514;"20:50:00"
2023-11-24;"Paris-Vincennes";5;"Prix Vibilia";"1726d1ce7d067b471579276deddea556";"9";"Irina du Ris";0,331029683351517;"21:17:00"
2023-11-24;"Paris-Vincennes";5;"Prix Vibilia";"1726d1ce7d067b471579276deddea556";"10";"Ida d'Arry";0,114872112870216;"21:17:00"
2023-11-24;"Paris-Vincennes";5;"Prix Vibilia";"1726d1ce7d067b471579276deddea556";"12";"Illusion du Ruel";0,100456118583679;"21:17:00"
2023-11-24;"Paris-Vincennes";5;"Prix Vibilia";"1726d1ce7d067b471579276deddea556";"5";"Iona Gendréenne";0,078117236495018;"21:17:00"
2023-11-24;"Paris-Vincennes";5;"Prix Vibilia";"1726d1ce7d067b471579276deddea556";"11";"Isis Passion";0,0551723353564739;"21:17:00"
2023-11-24;"Paris-Vincennes";5;"Prix Vibilia";"1726d1ce7d067b471579276deddea556";"7";"Inky Perrine";0,0417681932449341;"21:17:00"
2023-11-24;"Paris-Vincennes";5;"Prix Vibilia";"1726d1ce7d067b471579276deddea556";"1";"Iaroslava";0,0402436703443527;"21:17:00"
2023-11-24;"Paris-Vincennes";5;"Prix Vibilia";"1726d1ce7d067b471579276deddea556";"3";"Idylle des Berthes";0,0326139815151691;"21:17:00"
2023-11-24;"Paris-Vincennes";5;"Prix Vibilia";"1726d1ce7d067b471579276deddea556";"4";"Ivory Perrine";0,0312158223241568;"21:17:00"
2023-11-24;"Paris-Vincennes";5;"Prix Vibilia";"1726d1ce7d067b471579276deddea556";"2";"Icaline Dieschoot";0,0259300749748945;"21:17:00"
2023-11-24;"Paris-Vincennes";5;"Prix Vibilia";"1726d1ce7d067b471579276deddea556";"8";"Inès d'Hermès";0,0151402093470097;"21:17:00"
2023-11-24;"Paris-Vincennes";5;"Prix Vibilia";"1726d1ce7d067b471579276deddea556";"6";"Intrigante";0,00231163413263857;"21:17:00"
2023-11-24;"Paris-Vincennes";7;"Prix Léona";"98962cbbe458ec547d87eb0fdc8532c4";"4";"Jil";0,634760797023773;"22:11:00"
2023-11-24;"Paris-Vincennes";7;"Prix Léona";"98962cbbe458ec547d87eb0fdc8532c4";"8";"Juliana de Retz";0,197564750909805;"22:11:00"
2023-11-24;"Paris-Vincennes";7;"Prix Léona";"98962cbbe458ec547d87eb0fdc8532c4";"5";"Jimako Verderie";0,123916283249855;"22:11:00"
2023-11-24;"Paris-Vincennes";7;"Prix Léona";"98962cbbe458ec547d87eb0fdc8532c4";"2";"Jazzy Thourjan";0,0861620381474495;"22:11:00"
2023-11-24;"Paris-Vincennes";7;"Prix Léona";"98962cbbe458ec547d87eb0fdc8532c4";"3";"Jackpot du Choquel";0,0738182663917542;"22:11:00"
2023-11-24;"Paris-Vincennes";7;"Prix Léona";"98962cbbe458ec547d87eb0fdc8532c4";"7";"Jupiter de Play";0,0703047066926956;"22:11:00"
2023-11-24;"Paris-Vincennes";7;"Prix Léona";"98962cbbe458ec547d87eb0fdc8532c4";"6";"Jalisco Fligny";0,0428166463971138;"22:11:00"
2023-11-24;"Paris-Vincennes";7;"Prix Léona";"98962cbbe458ec547d87eb0fdc8532c4";"1";"Jad de Calix";0,0265118442475796;"22:11:00"
